Component Name,Layer Category,Technical Standard or Specification,Packing or Layout Method,Supported Color Depth and Format,Primary Use Case,Original NotebookLM Source Markers,Review Status,Primary Reference,Review Notes
Multi-Picture Format (MPO) / Multi Picture Object / bravia_mpo.py,Media Format / Container Metadata,CIPA DC-007 (DC-007-Translation-2026),Two JPEGs in one file with an index (Dual-Stream / Independent Images / MPO Stereo),JPEG / MPO stereo photos,"Standard format for 3D still cameras and handhelds to write, inspect, and display stereoscopic photo pairs natively via USB on 3D TVs",1 2 3,not fully reviewed,,
2D-plus-depth,Video Coding Standard,MPEG-C Part 3,One conventional image view plus a greyscale depth map (L + depth),Greyscale depth map + 2D color image,Synthesizing the second eye dynamically to serve monoscopic and autostereoscopic displays simultaneously,1,not fully reviewed,,
Multiview Video Coding (MVC),Video Codec Extension,ITU-T H.264 / MPEG Extension (Blu-ray 3D),Multiple coded views with inter-view prediction; HDMI frame packing is a separate downstream transport,1080p for each eye,High-fidelity packaged media stereoscopic video delivery on Blu-ray 3D discs,1,not fully reviewed,,Codec representation is not HDMI frame-packing transport.
HDMI 1.4 / 1.4a / 1.4b Vendor-Specific InfoFrame (VSIF) / hdmi_vendor_infoframe,Display Link / Infoframe Metadata,HDMI Licensing / HDMI Forum Specification / CTA-861 / Linux hdmi.h,"Frame Packing, Field Alternative, Line Alternative, Side-by-Side Full, L + depth, L + depth + graphics + graphics-depth, Top-and-Bottom, Side-by-Side Half","1080p24, 1080p30, 1080i50/60, 720p50/60, 12-bit (Sony BRAVIA physical observation)","Hardware-level transmission, automatic display configuration, and carrying 3D structure layout and vendor metadata over HDMI links",1 4 5,not fully reviewed,,
Spherical Video V2 (st3d box),Container Metadata,Google Spherical Video V2 RFC,"Mono (0), Top-Bottom (1), Left-Right (2), Stereo-Custom (3), Right-Left (4)","Not specified by st3d; the uint8 stereo_mode is layout syntax, not sample bit depth",Stereo mode signalling in MP4 containers for YouTube uploads and video playback,1,layout syntax checked,https://github.com/google/spatial-media/blob/master/docs/spherical-video-v2-rfc.md,Corrected category error and added layouts 3 and 4.
Cathode Ray Tube (CRT) with Shutter Glasses,Hardware Display,Legacy Analog Display System,Frame-Sequential (Alternating Fields in Time),"High refresh rate (e.g., 120 Hz, field-sequential)",Original PC stereoscopic video display via field-sequential timing,1,not fully reviewed,,
Active Shutter LCD / Plasma / OLED,Hardware Display,Consumer 3DTV Display Architecture,Frame Packing / Unsqueezed Full-Frame Alternating Whole Frames,120 Hz+ refresh rates,High-definition active stereoscopic home viewing using synchronized liquid crystal shutter glasses,1,not fully reviewed,,
Passive Polarised (FPR) Panels,Hardware Display,Film-Patterned Retarder Display Specification,Row-Interleaved (Circular Polarisation on alternate rows),Row-interleaved example: half the panel rows per eye (1080 rows per eye for a 2160-row panel); not a rule for all passive projection,Comfortable home 3D viewing using lightweight passive polarized glasses,1,not fully reviewed,,Clarified per-eye rows and passive-display scope.
RealD 3D,Hardware Display / Cinema Projection,RealD Cinema System,Frame-Sequential with ZScreen Circular Polarization Filter,Requires Silver Screen to maintain polarization,Mass commercial stereoscopic cinema projection,1,not fully reviewed,,
Dolby 3D (Infitec / Dolby 3D Digital Cinema),Hardware Display / Cinema Projection,Infitec Interference Filter Technology / Wavelength multiplex visualization,Wavelength-Multiplexing / Alternate Narrow Primary Band Splitting (Alternating cadence for single projector or Simultaneous projection for two projectors),Full Color Spectrum on standard white screens (Common color gamut using dichroic filters / different wavelengths of RGB light),High-fidelity theatrical stereoscopic projection showing three-dimensional motion pictures in digital cinema without silver screens,1 6,not fully reviewed,,
H.264/AVC Video Codec,Video Codec Signalling,ITU-T H.264 / ISO/IEC 14496-10,"Side-by-Side, Top-and-Bottom","16:9 aspect ratio, 8-bit (Not in source)",Coding of video content for frame compatible plano-stereoscopic 3DTV services,7,not fully reviewed,,
Side-by-Side (SbS),Video Codec Signalling,ETSI TS 101 547-2 / HDMI V1.4a,Side-by-Side,"16:9, 720p @ 50/59.94/60 Hz, 1080i @ 25/29.97/30 Hz, 1080p @ 23.98/24/25 Hz",Anamorphic horizontal compression of left and right eye pictures into a single HD video frame,7,not fully reviewed,,
Top-and-Bottom (TaB),Video Codec Signalling,ETSI TS 101 547-2 / HDMI V1.4a,Top-and-Bottom,"16:9, 720p @ 50/59.94/60 Hz, 1080p @ 23.98/24 Hz",Anamorphic vertical compression of left and right eye pictures into a single HD video frame,7,not fully reviewed,,
Component Descriptor (stream_content 0x05 / component_type 0x80-0x83),Container Metadata,ETSI EN 300 468 / DVB SI,"Side-by-Side, Top-and-Bottom","16:9 aspect ratio, 25 Hz / 30 Hz",EIT/SDT signalling to indicate specific 3D video component formats (SbS/TaB) and frame rates,7,not fully reviewed,,
HDMI V1.4a Interface,Display Link,HDMI Specification Version 1.4a,"Side-by-Side, Top-and-Bottom, Frame Packing","720p, 1080i, 1080p",Connecting a 3DTV Set-Top Box (IRD) to a 3DTV capable display device,7,not fully reviewed,,
H.264/AVC Frame Cropping & Sample Aspect Ratio,Video Codec Signalling,ITU-T H.264 / ISO/IEC 14496-10,Side-by-Side,"1080i, 720p (2:1 Sample Aspect Ratio)",Forcing 3D-incognisant HDTV IRDs to crop the right view and upscale the left view to display 2D HDTV,7,not fully reviewed,,
OpenVR IVRScreenshots,Compositor Interface,OpenVR SDK / openvr.h,Side-by-Side (left eye on left + left-eye preview) / VRScreenshotType_Stereo,Eye textures (submitted application textures),Stereo screenshots capture and application-driven capture in SteamVR,8,not fully reviewed,,
VR Stereo Spectator / vr-stereo-spectator/ (sourcevr) / VR Stereo Spectator,Engine / Runtime Integration / Game Engine Module,Source 1 SDK License / Half-Life 2 VR Interface / Source's Direct3D 9 renderer (on Linux through ToGL/OpenGL or DXVK/Vulkan),Off-axis eyes sharing one window at screen plane / Side-by-Side / Top-and-Bottom (half and full-size eyes) / Anaglyph through gamescope,Vulkan / Not in source,"Drives 3D televisions directly from VR games without headset distortion or head tracking, bridging VR engine eye streams to stereoscopic 3D displays and spectator outputs",8 3 9,not fully reviewed,,
Anaglyph for any colour screen,Post-Processing Effect / Display Filter,gamescope effect,Red/Cyan Anaglyph (converted from Side-by-Side),CRT phosphors matrix or modern LCD panel matrix,Fallback 3D viewing on ordinary colour screens without a native 3D mode,8,not fully reviewed,,
nouveau (NVIDIA Open-Source Driver),Driver / Display Link,HDMI 1.4,"Frame Packing, Side-by-Side, Top-and-Bottom, etc. (four layouts)","8, 10, 12-bit; RGB, YCbCr 4:4:4, YCbCr 4:2:2",Driving 3D displays over HDMI with Deep Color and full color formats,2,not fully reviewed,,
NVIDIA open kernel modules,Driver / Display Link,HDMI 1.4,Frame Packing,12-bit Deep Color,HDMI 3D mode setting and Deep Color output,2,not fully reviewed,,
Sony BRAVIA KDL-46HX855,Hardware Display,"HDMI 1.4, DLNA","Frame Packing, Side-by-Side, Top-and-Bottom","12-bit color processing, RGB, YCbCr 4:4:4, YCbCr 4:2:2",Active 3D television display and media playback,2,not fully reviewed,,
Sony BRAVIA KDL-46EX725,Hardware Display,"HDMI 1.4, DLNA","Frame Packing, Side-by-Side, Top-and-Bottom","RGB, YCbCr 4:4:4, YCbCr 4:2:2 at 8, 10, 12 bits",3D television display and media playback,2,not fully reviewed,,
HDMI 1.4 3D Protocols,Display Link,HDMI 1.4 Specification,"Frame, line, or field alternative; Side by side (full and half); 2D plus depth (L + depth, L + depth + graphics + graphics depth)",Up to 1080p in 3D (including dual-stream 1080p),Establishing input/output protocols for 3D displays and source devices to communicate over an HDMI link for 3D gaming and 3D home theater,10,not fully reviewed,,
mpo_dlna_probe.py,Network / Streaming Protocol,"DLNA, CIPA DC-007",MPO Stereo,MPO photo,DLNA test server serving MPOs in four different ways to test TV playback paths,3,not fully reviewed,,
stereo-modeset/,Display Link / Driver Tools,"HDMI, EDID",3D modesets,"Deep Color, various colour formats","Testing stereo modeset, Deep Color, and color formats across amdgpu, nouveau, and NVIDIA drivers",3,not fully reviewed,,
gamescope-3dtv,Compositor / Display Middleware,Wayland / Gamescope,Frame-race fixed 3D layout / Anaglyph,"Red/Cyan anaglyph, any colour screen",Applies 3D effects/anaglyph for games with frame-race fixes,3,not fully reviewed,,
MPO stereo attribute tags,Still-Image Container Signalling,CIPA DC-007 (edition DC-007-Translation-2026),Multi-Picture Format (Disparity image tags),"SRATIONAL (Convergence Angle), RATIONAL (Baseline Length)","Defines recommended stereoscopic attribute tags (Convergence Angle tag 0xB205 in degrees, Baseline Length tag 0xB206 in metres) for disparity metadata in MPO JPEG image containers.",11,not fully reviewed,,
ITU-T H.264 (frame_packing_arrangement SEI),Video Codec Signalling,ITU-T H.264 Annex D,"Side-by-Side, Top-and-Bottom, Checkerboard, Column-Interleaved, Row-Interleaved, Temporal Interleaving",Not in source,Signalling stereoscopic video layout inside H.264 bitstreams for display switching and decoding,1,not fully reviewed,,
Matroska StereoMode / StereoMode,Container Metadata,Matroska Element Specification / Matroska v4 Element Specification / Matroska Specification,"Side-by-Side (Left-Right/Right-Left), Top-Bottom (Top-Bottom/Bottom-Top), Row/Column Interleaved, Checkerboard, Anaglyph (cyan/red, green/magenta), Frame Packing, Both eyes laced in one Block",Not in source,Tagging and signalling stereoscopic 3D video layout/mode for video tracks at the container level in MKV files,1 11 12,not fully reviewed,,
DVB 3DTV Specifications,Broadcast Standard,DVB Specifications,Frame-Compatible and Service-Compatible 3DTV formats,Not in source,Delivering stereoscopic 3D television signals over broadcast infrastructure,1,not fully reviewed,,
MV-HEVC,Video Codec Extension,HEVC Multiview Extension / ISO Base Media File Format,Two views in one modern codec bitstream,Not in source,"Spatial video encoding for modern headsets and mobile devices (e.g., Apple Vision Pro)",1,not fully reviewed,,
vexu box,Container Metadata,Apple ISO Base Media File Format & Apple HEVC Stereo Video Format additions (v1.0),Stereo Eye / Hero Eye Visual Sample Entry Extension,Not in source,Signalling stereoscopic eye assignment and hero eye directly in QuickTime/ISOBMFF containers without parsing video bitstreams,1,not fully reviewed,,
VR180,Media Format / Projection Standard,Google VR180 Specification,Stereo Fisheye with Mesh Projection,Not in source,180° stereoscopic photo and video capture and playback for VR headsets,1,not fully reviewed,,
DDSCAPS2_STEREOSURFACELEFT,Graphics API / Driver Interface,Microsoft DirectDraw API Specification,Surface Pairs (Left-Eye Primary Flip Chain Pairing),Not in source,Submitting synchronized stereo surface pairs in Windows applications before automatic game wrappers,1,not fully reviewed,,
Nvidia 3D Vision,Driver / Hardware Interface,Proprietary NVIDIA Technology,Frame Sequential (Active Shutter) / Frame Packing over HDMI 1.4,Not in source,Injecting stereoscopic rendering into PC games and outputting to shutter glasses or 3D TVs,1,not fully reviewed,,
iZ3D Driver,Driver / Middleware,iZ3D / Open-source (MIT License at bo3b/iZ3D),"Dual-LCD Polarization, Side-by-Side, Top-and-Bottom, Anaglyph",Not in source,Vendor-neutral stereo game injection for DirectX/OpenGL games across AMD and NVIDIA GPUs,1,not fully reviewed,,
wiz3D / wiz3D,"Open Runtime / Driver Middleware / Proxy DLL (d3d9.dll, dxgi.dll)","LGPL-2.1 Open-Source Software / Direct3D 7–11, OpenGL","Side-by-Side, Top-and-Bottom, Anaglyph",Not in source,Proxy DLL universal stereo wrapper/bridge for Direct3D 7–11 and OpenGL games without proprietary kernel drivers to stereoscopic 3D displays,1 9,not fully reviewed,,
VRto3D / VRto3D / VRto3D,Open Runtime / OpenVR Driver,LGPL-3.0 Open-Source Software / OpenVR Interface / SteamVR,"Side-by-Side, Top-and-Bottom, HDMI 1.4 Frame Packing, Row/Column Interleaved, Checkerboard, Anaglyph pairs, LeiaSR Weave, Frame-Sequential",Not in source,"Presents 3D TVs, projectors, shutter glasses, spatial/interlaced/SR displays, or autostereoscopic displays to SteamVR as a headset, bridging VR engine eye streams",1 8 9,not fully reviewed,,
FFmpeg stereo3d filter,Software Tool / Processing Library,FFmpeg Project Specification,"Side-by-Side, Over-Under, Interleaved, Checkerboard, Anaglyph (including Dubois arcd, agmd, aybd)",Not in source,Format conversion and transcoding between stereo layouts and color-pair anaglyphs,1,not fully reviewed,,
mpv,Media Player / Open Runtime,Open-Source Media Player (PR #18490),"Auto-detects stream-signalled layouts (H.264/HEVC SEI, MP4 st3d box, Frame Packing SEI, Container tags); stereo3d filter output",Not in source,"Automated stereoscopic video playback, reading 3D layout from stream, and filtering",1 2,not fully reviewed,,
VLC with 3D Fix / VLC,Media Player / Software Tool,Open-Source Software (Fork of VideoLAN VLC),"Preserves, parses, and derives H.264 frame_packing_arrangement SEI during playback/transcoding",Not in source,Playing and transcoding 3D content while maintaining or deriving in-stream frame-packing metadata,1 2,not fully reviewed,,
OpenXR,Open Runtime / API Standard,Khronos Group OpenXR Specification,Dual-eye Swapchain / Stereoscopic Render Targets,Not in source,Vendor-neutral API standard for virtual reality and augmented reality headsets,1,not fully reviewed,,
Monado,Open Runtime,Free and Open-Source Software (Freedesktop),OpenXR Dual-Eye Rendering / Modular Scanout,Not in source,Reference open-source OpenXR runtime implementation for Linux,1,not fully reviewed,,
Parallax Barrier Display,Hardware Display,Autostereoscopic Display Architecture,Column-Interleaved,Not in source,"Glasses-free stereoscopic handhelds and mobile devices (e.g., Nintendo 3DS, LG Optimus 3D)",1,not fully reviewed,,
DLP Rear-Projection TV,Hardware Display,Digital Light Processing Architecture,Checkerboard (Frame Packing Arrangement Type 0),Not in source,Micromirror-based stereoscopic rear-projection displays,1,not fully reviewed,,
Depth3D / Depth3D,Software Tool / Shader Injector / ReShade shader,ReShade Post-Processing Injector Shader / Direct3D / OpenGL / Vulkan (through ReShade),"Side-by-Side, Top-and-Bottom, Line Interleaved, Column Interleaved, Checkerboard, Anaglyph",Not in source,"Deriving/synthesizing a second eye view from a game's depth buffer in real-time for phone viewers, stereoscopic 3D rendering, and 3D displays",1 9,not fully reviewed,,
Frame Packing Arrangement SEI Message,Video Codec Signalling,ITU-T H.264 / ISO/IEC 14496-10 / ETSI TS 101 154 Annex H,"Side-by-Side, Top-and-Bottom, or Cancel/Non-3D",Not in source,Signalling the frame compatible 3D video format or format transitions directly within the H.264 video stream,7,not fully reviewed,,
DRM_MODE_FLAG_3D_FRAME_PACKING,Driver / Kernel UAPI,drm_mode.h / drm_modes.h (Linux DRM UAPI),Frame Packing (2 full frames for left and right),Not in source,Signalling and specifying how 3D frame packing modes are defined for DRM display modes in the Linux kernel Direct Rendering Manager,13 14,not fully reviewed,,
DRM_MODE_FLAG_3D_FIELD_ALTERNATIVE,Driver / Kernel UAPI,drm_mode.h / drm_modes.h (Linux DRM UAPI),Field Alternative (interleaved like fields),Not in source,Signalling and specifying how 3D field alternative modes are packed for DRM display modes in the Linux kernel Direct Rendering Manager,13 14,not fully reviewed,,
DRM_MODE_FLAG_3D_LINE_ALTERNATIVE,Driver / Kernel UAPI,drm_mode.h / drm_modes.h (Linux DRM UAPI),Line Alternative (interleaved lines),Not in source,Signalling and specifying how 3D line alternative modes are packed for DRM display modes in the Linux kernel Direct Rendering Manager,13 14,not fully reviewed,,
DRM_MODE_FLAG_3D_SIDE_BY_SIDE_FULL,Driver / Kernel UAPI,drm_mode.h / drm_modes.h (Linux DRM UAPI),Side-by-Side Full (side-by-side full frames),Not in source,Signalling and specifying how 3D side-by-side full modes are packed for DRM display modes in the Linux kernel Direct Rendering Manager,13 14,not fully reviewed,,
DRM_MODE_FLAG_3D_L_DEPTH,Driver / Kernel UAPI,drm_mode.h / drm_modes.h (Linux DRM UAPI),L + Depth,Not in source,Signalling and specifying how 3D L + depth modes are packed for DRM display modes in the Linux kernel Direct Rendering Manager,13 14,not fully reviewed,,
DRM_MODE_FLAG_3D_L_DEPTH_GFX_GFX_DEPTH,Driver / Kernel UAPI,drm_mode.h / drm_modes.h (Linux DRM UAPI),L + Depth + Graphics + Graphics-Depth (L + Depth + GFX + GFX Depth),Not in source,Signalling and specifying how 3D L + depth + graphics modes are packed for DRM display modes in the Linux kernel Direct Rendering Manager,13 14,not fully reviewed,,
DRM_MODE_FLAG_3D_TOP_AND_BOTTOM,Driver / Kernel UAPI,drm_mode.h / drm_modes.h (Linux DRM UAPI),Top-and-Bottom (frame split into top and bottom parts),Not in source,Signalling and specifying how 3D top-and-bottom modes are packed for DRM display modes in the Linux kernel Direct Rendering Manager,13 14,not fully reviewed,,
DRM_MODE_FLAG_3D_SIDE_BY_SIDE_HALF,Driver / Kernel UAPI,drm_mode.h / drm_modes.h (Linux DRM UAPI),Side-by-Side Half (frame split into left and right parts),Not in source,Signalling and specifying how 3D side-by-side half modes are packed for DRM display modes in the Linux kernel Direct Rendering Manager,13 14,not fully reviewed,,
urn:mpeg:mpegB:cicp:VideoFramePackingType,Video Source Metadata Signalling,ISO/IEC 23090-1,Frame packing arrangement,Not in source,Indicating the type of packing arrangement used in video frames,15,not fully reviewed,,
urn:mpeg:mpegB:cicp:QuincunxSamplingFlag,Video Source Metadata Signalling,ISO/IEC 23090-1,Quincunx sampling structure,Not in source,Indicating whether a quincunx sampling structure is used in the frame packed video representation,15,not fully reviewed,,
urn:mpeg:mpegB:cicp:PackedContentInterpretationType,Video Source Metadata Signalling,ISO/IEC 23090-1,Packed content interpretation,Not in source,Indicating the intended interpretation of the constituent frames,15,not fully reviewed,,
urn:mpeg:dash:14496:10:frame_packing_arrangement_type:2011,Video Source Metadata Signalling / FramePacking element,ISO/IEC 23009-1,Frame packing arrangement (conforming to ISO/IEC 14496-10),Not in source,Signalling frame packing arrangement type for ISO/IEC 14496-10 video components (backward-compatibility),15,not fully reviewed,,
urn:mpeg:dash:13818:1:stereo_video_format_type:2011,Video Source Metadata Signalling / FramePacking element,ISO/IEC 23009-1,Stereo video format type (conforming to ISO/IEC 13818-1),Not in source,Signalling stereo video format type for ISO/IEC 13818-1 video components (backward-compatibility),15,not fully reviewed,,
urn:mpeg:dash:stereoid:2011,Video Source Metadata Signalling / Role element,ISO/IEC 23009-1,Stereo view pairing (space-delimited list of view indicators 'li' or 'rj'),Not in source,Signalling which views form a stereo pair and which one is the left view and which one is the right view,15,not fully reviewed,,
Steamworks ISteamScreenshots,Software API / Library,Steamworks API,k_EVRScreenshotType_Stereo,Not in source,Filing stereo screenshots to the library and handling screenshot hotkeys,8,not fully reviewed,,
TrackCombinePlanes,Container Metadata,Matroska v4 Element Specification,"Separate track planes (Left eye, Right eye, Background)",Not in source,Combines video plane tracks to create a virtual 3D track,12,not fully reviewed,,
H.264 frame-packing SEI (payload 45),Video Codec Signalling,H.264 / AVC,"Codec frame-packing-arrangement signalling (payload type 45), not HDMI frame packing",Not in source,"Signals layout to compatible decoders; BRAVIA auto-engagement and observed IDR cadence are measured device/stream behaviour, not a universal H.264 guarantee",2,not fully reviewed,https://github.com/danielcamposramos/sony-bravia-linux,Bounded hardware behaviour and distinguished codec/link naming.
Universal Media Server,DLNA Server / Transcoder,DLNA,Frame Packing (SEI),Not in source,Transcoding and serving 3D media with frame-packing SEI to DLNA clients,2,not fully reviewed,,
MKVToolNix,Container Tool / Multiplexer,Matroska (MKV),StereoMode tag,Not in source,Carrying 3D signalling into Matroska containers,2,not fully reviewed,,
amdgpu,Driver / Display Link,HDMI 1.4,3 HDMI 3D layouts,Not in source,HDMI 1.4 3D stereoscopic output,2,not fully reviewed,,
FFmpeg / FFmpeg,Video Framework / Tool / Processing Library,H.264 / HEVC / FFmpeg codebase,"Frame Packing, Side-by-Side, Dubois Anaglyph / AV_FRAME_DATA_STEREO3D export",Not in source,"Exporting frame-packing SEI as stereo side data, shared H.264/H.265/VVC SEI parsing, and conversion/transcoding of legacy 3D formats for media players and analysis tools",2 11,not fully reviewed,,
GStreamer,Multimedia Framework,H.264,Frame Packing (payload 45),Not in source,Parsing payload 45 in h264parse and writing frame packing via x264enc,2,not fully reviewed,,
JPS,Media Format / File Extension,JPEG Stereo,Side-by-Side (Stereo Photo),Not in source,Stereoscopic 3D image format,2,not fully reviewed,,
bravia_sei3d.py,Video Codec Signalling,H.264,"Side-by-Side, Top-and-Bottom, Frame-Packing SEI",Not in source,Restores 3D auto-detection to movies by re-inserting H.264 frame-packing SEI without re-encoding,3,not fully reviewed,,
bravia_anaglyph.py,Video / Image Processing,Not in source,"Anaglyph (Red/Cyan), Side-by-Side",Red/Cyan content,Converts legacy red/cyan anaglyph content to side-by-side and back,3,not fully reviewed,,
verify-fieldseq-to-sbs.sh,Video Processing / Test Tool,Not in source,"Field-Sequential, Side-by-Side",Synthetic video clips,Verifies field-sequential to side-by-side video conversion using ffmpeg,3,not fully reviewed,,
s3dprobe.c,Video Processing / Diagnostic Tool,Not in source,Stereo 3D side data layouts (SEI vs Container),Decoded video frames,Prints stereo 3D side data per decoded frame to resolve container vs SEI layout precedence,3,not fully reviewed,,
kodi-dlna-test/,Network / Streaming Server,DLNA,SEI-only 3D,Not in source,Containerized Kodi DLNA server for testing SEI-only 3D compatibility,3,not fully reviewed,,
stereo-kms-probe/,Display Driver / KMS Probe,KMS / DRM,Stereo modes,Not in source,Investigating dropped stereo mode probes in amdgpu driver,3,not fully reviewed,,
mame-segascope-test/,Emulator / Display Test Tool,MAME,SegaScope half side-by-side,Not in source,Testing MAME SegaScope half side-by-side 3D layout on TV displays,3,not fully reviewed,,
ITU-T H.264 / ISO/IEC 14496-10 (AVC),Video Codec Signalling,"ITU-T H.264 / ISO/IEC 14496-10 (Annex D, clauses D.1.25 & D.2.25)",frame_packing_arrangement,Not in source,"Carries frame-packing-arrangement SEI syntax and semantics (packing type, view order, quincunx flag, cancellation state, repetition period) for coded video streams.",11,not fully reviewed,,Repaired unquoted name separator that shifted all columns.
ITU-T H.265 / ISO/IEC 23008-2 (HEVC),Video Codec Signalling,"ITU-T H.265 / ISO/IEC 23008-2 (Annex D, clauses D.2.16 & D.3.16)",frame_packing_arrangement,Not in source,Carries frame-packing SEI syntax and semantics using frame_packing_arrangement_persistence_flag for coded video streams.,11,not fully reviewed,,Repaired unquoted name separator that shifted all columns.
ITU-T H.274 / ISO/IEC 23002-7,Video Codec Signalling,ITU-T H.274 / ISO/IEC 23002-7 (clauses 8.6.1 & 8.6.2),frame-packing,Not in source,Defines codec-independent versatile SEI messages used with newer video coding systems (including VVC) carrying a scalar frame-packing persistence flag.,11,not fully reviewed,,Repaired unquoted name separator that shifted all columns.
ETSI TS 101 547-2,Broadcast and delivery profiles,ETSI TS 101 547-2 (Clause 6.4.1),DVB frame-compatible 3DTV,Not in source,Specifies use of H.264 frame-packing-arrangement SEI in frame-compatible 3DTV broadcast services with dense message cadence and cancellation signalling.,11,not fully reviewed,,
HDMI 1.4-era stereoscopic structures,Display Link,HDMI 1.4 / HDMI 1.4a Specification / Linux HDMI wire definitions & DRM stereo-mode definitions,"Frame packing, field/line alternatives, full and half side-by-side, top-and-bottom, and depth structures",Not in source,"Defines VSIF packet layouts, raster visualisations, scanout, infoframes, and signal timings for transmitting 3D video over HDMI.",11,not fully reviewed,,
DisplayPort,Display Link,VESA DisplayPort / Linux DisplayPort stereo field definitions (drm_dp.h),"Main Stream Attribute stereo field (left eye, right eye, no 3D)",Not in source,Natively transmits left- and right-eye display data across the display link.,11,not fully reviewed,,
DVI 1.0,Display Link,DVI 1.0 (DDWG),None natively (carries HDMI 3D InfoFrame only via passive adapter to HDMI sink declaring HDMI in EDID or DP++ in TMDS mode),Not in source,Legacy display link specification with no native stereo signalling.,11,not fully reviewed,,
HDR over HDMI,Display Link,HDMI 2.0a / CTA-861.3-A / ITU-R BT.2100,Not in source,BT.2100 signal samples: 10 or 12 bits; HDMI wire precision and RGB/YCbCr packing are separate constraints,"HDR signalling and transport subject to source, driver and sink capabilities; HDR support does not prove 16-bpc scanout",11,not fully reviewed,https://github.com/danielcamposramos/awesome-stereoscopy/blob/main/standards.md,"Separated HDR transfer characteristics, content precision and wire packing."
x264,Implementation / Encoder,H.264 Encoder Implementation,--frame-packing,Not in source,H.264 video encoder that writes the frame-packing-arrangement SEI message.,11,not fully reviewed,,
Linux DRM,Driver / Kernel Subsystem,Linux Kernel DRM subsystem,"Mode discovery, scanout, HDMI infoframe",Not in source,"Provides mode discovery, validation, scanout, and HDMI InfoFrame paths used to audit and drive stereoscopic display modes.",11,not fully reviewed,,
NVIDIA Video Codec SDK (NVENC),Hardware Encoder Interface / Driver,NvEncodeAPI (v6.0),"NV_ENC_STEREO_PACKING_MODE (checkerboard, column-interleave, row-interleave, side-by-side, top-bottom, frame-sequential)",Not in source,Hardware H.264 encoder interface capability to set NV_ENC_CONFIG_H264::stereoMode and write frame-packing-arrangement SEI messages via outputFramePackingSEI.,11,not fully reviewed,,
MPEG-DASH FramePacking descriptor,Streaming Manifest Signalling,ISO/IEC 23009-1 (clause 5.8.5.3) / DASH-IF IOP Part 7,urn:mpeg:mpegB:cicp:VideoFramePackingType (also legacy urn:mpeg:dash:14496:10:frame_packing_arrangement_type:2011 and urn:mpeg:dash:13818:1:stereo_video_format_type:2011),Not in source,Signals video frame packing structure inside Adaptation Set or Representation manifests for MPEG-DASH streams.,11,not fully reviewed,,
Frame Packing (Code 0),Display Link,"HDMI 1.4a/1.4b, CTA-861",Frame Packing,Not in source,Stereoscopic 3D delivery of full-resolution stereo views over HDMI,5,HDMI code checked; other columns not fully reviewed,https://github.com/torvalds/linux/blob/master/include/linux/hdmi.h,
Side-by-Side Full (Code 3),Display Link,"HDMI 1.4a/1.4b, CTA-861",Side-by-Side Full,Not in source,Full-resolution per eye stereo delivery over HDMI,5,HDMI code checked; other columns not fully reviewed,https://github.com/torvalds/linux/blob/master/include/linux/hdmi.h,
Side-by-Side Half (Code 8),Display Link,"HDMI 1.4a/1.4b, CTA-861",Side-by-Side Half,Not in source,Half-resolution per eye stereo delivery using standard 2D timing over HDMI,5,HDMI code checked; other columns not fully reviewed,https://github.com/torvalds/linux/blob/master/include/linux/hdmi.h,
Top-and-Bottom (Code 6),Display Link,"HDMI 1.4a/1.4b, CTA-861",Top-and-Bottom,Not in source,Half-resolution per eye stereo delivery using standard 2D timing over HDMI,5,HDMI code checked; other columns not fully reviewed,https://github.com/torvalds/linux/blob/master/include/linux/hdmi.h,
Field Alternative (Code 1),Display Link,"HDMI 1.4a/1.4b, CTA-861",Field Alternative,Not in source,Alternating fields stereo signal structure over HDMI,5,HDMI code checked; other columns not fully reviewed,https://github.com/torvalds/linux/blob/master/include/linux/hdmi.h,
Line Alternative (Code 2),Display Link,"HDMI 1.4a/1.4b, CTA-861",Line Alternative,Not in source,Alternating scanlines stereo signal structure over HDMI,5,HDMI code checked; other columns not fully reviewed,https://github.com/torvalds/linux/blob/master/include/linux/hdmi.h,
L + depth (Code 4),Display Link,"HDMI 1.4a/1.4b, CTA-861",Image plus depth,Not in source,Left image plus depth map delivery over HDMI,5,HDMI code checked; other columns not fully reviewed,https://github.com/torvalds/linux/blob/master/include/linux/hdmi.h,
L + depth + graphics (Code 5),Display Link,"HDMI 1.4a/1.4b, CTA-861",Image plus depth plus graphics,Not in source,Left image plus depth map and graphics elements delivery over HDMI,5,HDMI code checked; other columns not fully reviewed,https://github.com/torvalds/linux/blob/master/include/linux/hdmi.h,
OpenXR Primary Stereo,Open Runtime / Specification,Khronos Group OpenXR 1.1 Specification (XR_VIEW_CONFIGURATION_TYPE_PRIMARY_STEREO),"View 0 left, view 1 right",Not in source,Specification for submitting stereo view configurations in VR engines,9,not fully reviewed,,
HDMI VSIF InfoFrame Emission,Display Driver & Physical Output,DRM/KMS Mode & HDMI VSIF,Packed Stereo Swapchain Frame (e.g. 1920x2205),Not in source,HDMI scanout and mode signaling to stereoscopic 3D displays and televisions,9,not fully reviewed,,
Stereo Still Image Format for Digital Cameras,Media Format Specification,CIPA DC-006 (DC-006-Translation-2021),Not in source,Not in source,Standardizing stereoscopic still imaging for digital cameras,1,not fully reviewed,,
VK_NV_display_stereo,Open Runtime / Graphics API Extension,Khronos Vulkan Registry (NVIDIA Instance Extension),Not in source,Not in source,Allowing Vulkan applications creating swapchains directly via VK_KHR_display to select display stereo modes,1,not fully reviewed,,
AVC_video_descriptor,Container Metadata,ITU-T H.222.0 / ISO/IEC 13818-1,Not in source,Not in source,PMT signalling to indicate the presence of frame packing arrangement SEI messages in the video stream,7,not fully reviewed,,
"Service Descriptor (service_type 0x1C, 0x1D, 0x1E)",Container Metadata,ETSI EN 300 468 / DVB SI,Not in source,Not in source,SDT signalling to identify advanced codec frame compatible plano-stereoscopic HD services,7,not fully reviewed,,
Content Descriptor (content_nibble_level_2 0x4),Container Metadata,ETSI EN 300 468 / DVB SI,Not in source,Not in source,EIT event signalling to classify program events with stereoscopic special characteristics,7,not fully reviewed,,
Video Depth Range Descriptor,Container Metadata,ETSI TS 101 547-1,Not in source,Not in source,Conveying depth or disparity information for 3DTV content at the SI layer,7,not fully reviewed,,
Multi-region Disparity Information,Video Codec Signalling,ETSI TS 101 547-1,Not in source,Not in source,Positioning graphics and subtitle overlays correctly over 3D video content in the IRD,7,not fully reviewed,,
DVB Subtitling Disparity Signalling,Container Metadata,ETSI EN 300 743,Not in source,Not in source,Carrying disparity metadata within DVB subtitle streams for proper 3D placement,7,not fully reviewed,,
Whirligig,Software Application / Media Player,Not in source,"Side-by-side, Over-under (top-and-bottom), Anaglyph",Not in source,"Plays stereoscopic 3D media in a headset or outputs to a 3D television, projector, or plain screen",8,not fully reviewed,,
HandBrake,Software Tool / Transcoder,Not in source,Frame Packing (SEI),Not in source,Writing missing 3D frame-packing SEI during video encoding,2,not fully reviewed,,
ffmpeg-3d-wrapper.sh,Media Stack / Transcoder Tool,Not in source,3D-aware transcoding,Not in source,Transcoding media for Serviio renderer profiles on Sony Bravia TVs,3,not fully reviewed,,
bravia_3dcatalog.py,Application / Media Library,Not in source,Not in source,3D photos and 3D videos,Builds a 3D index of the media library for display on the portal,3,not fully reviewed,,
nvtiming-parse.c,Display Driver / EDID Parsing,NVIDIA EDID timing library,Not in source,Not in source,Runs NVIDIA EDID timing library in userspace to verify parser changes against HX855 EDID,3,not fully reviewed,,
HDMI Vendor-Specific InfoFrame (VSIF),Video Codec Signalling,"HDMI 1.4a/1.4b, CTA-861",Not in source,Not in source,Signalling 3D video structures and parameters to a display sink to switch it into 3D mode,5,not fully reviewed,,
drivers/video/hdmi.c,Driver,Linux Kernel,Not in source,Not in source,Packs HDMI Vendor-Specific InfoFrames (VSIF) for 3D signaling,5,not fully reviewed,,
drivers/gpu/drm/drm_edid.c,Driver,Linux Kernel,Not in source,Not in source,Parses 3D modes and capabilities from display EDID,5,not fully reviewed,,
include/linux/hdmi.h,Driver,Linux Kernel,Not in source,Not in source,Defines HDMI stereoscopic structure codes in the Linux kernel,5,not fully reviewed,,
